# Built-in policy which defines two roles: role:readonly and role:admin,
# and additionally assigns the admin user to the role:admin role.
# There are two policy formats:
# 1. Logs (which belong to a project):
# p, <role/user/group>, <resource>, <action>, <project>/<object>, <allow/deny>
# 2. All other resources:
# p, <role/user/group>, <resource>, <action>, <object>, <allow/deny>

p, role:readonly, accounts, get, *, allow
p, role:readonly, logs, get, */*, allow

p, role:admin, application-discovery, update, *, allow
p, role:admin, accounts, update, *, allow

g, role:admin, role:readonly
g, admin, role:admin
g, LINGJIE, role:readonly
g, YUDIAN, role:readonly
