page,pool_id,pool_address,name,created_at,dex,base_address,base_symbol,quote_address,quote_symbol,reserve_usd,volume_24h_usd,buys_24h,sells_24h,url
1,eth_0xe84d9ac2dfda02adba5587cb11750012855e7f44,0xe84d9ac2dfda02adba5587cb11750012855e7f44,JWCN / WETH,2026-09-13T07:20:23Z,uniswap_v2,0x3cc315d17bf63020ef5ed7d36dda8b3def1231d5,JWCN,0xc02aaa39b223fe8d0a0e5c4f27ead9083c756cc2,WETH,3301.1538,393.2563735743,8,0,https://www.geckoterminal.com/eth/pools/0xe84d9ac2dfda02adba5587cb11750012855e7f44
1,eth_0xa33b11ddfb007b47b512a2a0af689e7043bc0acb0372d6da4536f421de69c4a1,0xa33b11ddfb007b47b512a2a0af689e7043bc0acb0372d6da4536f421de69c4a1,STRAW / USDC 12.12%,2026-09-13T07:18:47Z,uniswap-v4-ethereum,0xabc8742d68e3205fc051a9da671c942d8a74bbc2,STRAW,0xa0b86991c6218b36c1d19d4a2e9eb0ce3606eb48,USDC,,66.7455065734,0,3,https://www.geckoterminal.com/eth/pools/0xa33b11ddfb007b47b512a2a0af689e7043bc0acb0372d6da4536f421de69c4a1
1,eth_0xef076a43f4785aaf5d54beaaab15dd5a34fc1a59,0xef076a43f4785aaf5d54beaaab15dd5a34fc1a59,LSK / WETH 0.05%,2026-09-13T07:11:47Z,uniswap_v3,0x5585a8ca52db686e92bfc03422bf0d19b14344bf,LSK,0xc02aaa39b223fe8d0a0e5c4f27ead9083c756cc2,WETH,184102841.7463,0.2919760706,1,0,https://www.geckoterminal.com/eth/pools/0xef076a43f4785aaf5d54beaaab15dd5a34fc1a59
1,eth_0x4bc1b32866dc1bf3485bb90513c46ec0f4f007197e7b691f9ce58147465171d7,0x4bc1b32866dc1bf3485bb90513c46ec0f4f007197e7b691f9ce58147465171d7,ETS / liquidETH 5%,2026-09-13T07:02:11Z,uniswap-v4-ethereum,0x3c892dd19ab467ac8a28cf214a3813342aba41f3,ETS,0xf0bb20865277abd641a307ece5ee04e79073416c,liquidETH,0.0316056112867912,0.2314264616,1,0,https://www.geckoterminal.com/eth/pools/0x4bc1b32866dc1bf3485bb90513c46ec0f4f007197e7b691f9ce58147465171d7
1,eth_0xc69a6037988407ba53e8938186046e6ed768771e,0xc69a6037988407ba53e8938186046e6ed768771e,$HLA / WETH,2026-09-13T07:01:23Z,uniswap_v2,0x809f303a65b62baacd8ce3592473abaaf5ce9850,$HLA,0xc02aaa39b223fe8d0a0e5c4f27ead9083c756cc2,WETH,0.00182848750761331,1441.3907870752,19,3,https://www.geckoterminal.com/eth/pools/0xc69a6037988407ba53e8938186046e6ed768771e
1,eth_0x9708ec8060f6bf678fc284251af9296458a1181e,0x9708ec8060f6bf678fc284251af9296458a1181e,$WKST / WETH,2026-09-13T06:42:35Z,uniswap_v2,0xd14f2808bfdc22e7b13f1de53e3faa010bd364df,$WKST,0xc02aaa39b223fe8d0a0e5c4f27ead9083c756cc2,WETH,0.00235936569278189,1647.268288353,20,4,https://www.geckoterminal.com/eth/pools/0x9708ec8060f6bf678fc284251af9296458a1181e
1,eth_0x47b940dddf7a0ae54fb53e6cfb079f1488ecca2f,0x47b940dddf7a0ae54fb53e6cfb079f1488ecca2f,BERRY / WETH,2026-09-13T06:42:23Z,uniswap_v2,0x6f76a14a66a5b335cafad523217522fb3c5c1054,BERRY,0xc02aaa39b223fe8d0a0e5c4f27ead9083c756cc2,WETH,20065.773,37639.2637403281,36,8,https://www.geckoterminal.com/eth/pools/0x47b940dddf7a0ae54fb53e6cfb079f1488ecca2f
1,eth_0xd15dc23f1ccadb60fb258b6aa5a1833b58fdf174,0xd15dc23f1ccadb60fb258b6aa5a1833b58fdf174,FDD / WETH,2026-09-13T06:40:59Z,uniswap_v2,0x0ec273bd523eefe73ed17d5891eec57e6a16ed1a,FDD,0xc02aaa39b223fe8d0a0e5c4f27ead9083c756cc2,WETH,10686.8693,3450.9059871229,51,3,https://www.geckoterminal.com/eth/pools/0xd15dc23f1ccadb60fb258b6aa5a1833b58fdf174
1,eth_0x198312064b666ea47f3ec9bf5566c799f307b2dd,0x198312064b666ea47f3ec9bf5566c799f307b2dd,$ASW / WETH,2026-09-13T06:20:35Z,uniswap_v2,0xc4ebe68cc6127ae8eb8c2c42100e2ac9f6b854ca,$ASW,0xc02aaa39b223fe8d0a0e5c4f27ead9083c756cc2,WETH,0.00333382252300121,2006.0393927093,22,4,https://www.geckoterminal.com/eth/pools/0x198312064b666ea47f3ec9bf5566c799f307b2dd
1,eth_0xd02833ec673cdc1a8d2a540a6e9b232021c15460,0xd02833ec673cdc1a8d2a540a6e9b232021c15460,EIGEN / WETH 0.1%,2026-09-13T06:11:35Z,balancer-v3-ethereum,0xec53bf9167f50cdeb3ae105f56099aaab9061f83,EIGEN,0xc02aaa39b223fe8d0a0e5c4f27ead9083c756cc2,WETH,0.000005898755891,0.4991671217,0,1,https://www.geckoterminal.com/eth/pools/0xd02833ec673cdc1a8d2a540a6e9b232021c15460
1,eth_0x2a9cab9ca212ac4cf17d20c9f80119615e40664c,0x2a9cab9ca212ac4cf17d20c9f80119615e40664c,RSG / WETH,2026-09-13T06:06:47Z,uniswap_v2,0x7f1fdbcf07c8d068272fbfc945f2462af8b46923,RSG,0xc02aaa39b223fe8d0a0e5c4f27ead9083c756cc2,WETH,18228.2492,4238.3799832274,51,2,https://www.geckoterminal.com/eth/pools/0x2a9cab9ca212ac4cf17d20c9f80119615e40664c
1,eth_0xf3a2a3d8e8f190d1cebd118095f536bb3497e548,0xf3a2a3d8e8f190d1cebd118095f536bb3497e548,GPE / WETH,2026-09-13T06:06:23Z,uniswap_v2,0x27339393c0e486f7422b1ca3bb35f5c8e1caec8c,GPE,0xc02aaa39b223fe8d0a0e5c4f27ead9083c756cc2,WETH,0.002126696638,4701.5557815702,50,6,https://www.geckoterminal.com/eth/pools/0xf3a2a3d8e8f190d1cebd118095f536bb3497e548
1,eth_0x1e5ce53cc2fe5c3bf33eb97b0b6aa223e62c1b44,0x1e5ce53cc2fe5c3bf33eb97b0b6aa223e62c1b44,RSTR / WETH,2026-09-13T06:01:47Z,uniswap_v2,0x0880e6c9349daddf8c204dae25cecc8d02064128,RSTR,0xc02aaa39b223fe8d0a0e5c4f27ead9083c756cc2,WETH,0.00277158925018148,1651.6487371943,23,6,https://www.geckoterminal.com/eth/pools/0x1e5ce53cc2fe5c3bf33eb97b0b6aa223e62c1b44
1,eth_0x6b9bcf3f8f5f51819cc62599b29c9e9534d74ef9a812dd0d4acaaa57b9fe2a59,0x6b9bcf3f8f5f51819cc62599b29c9e9534d74ef9a812dd0d4acaaa57b9fe2a59,LSK / USDC 5%,2026-09-13T05:59:23Z,uniswap-v4-ethereum,0x6033f7f88332b8db6ad452b7c6d5bb643990ae3f,LSK,0xa0b86991c6218b36c1d19d4a2e9eb0ce3606eb48,USDC,797.9714,114.9995532234,9,12,https://www.geckoterminal.com/eth/pools/0x6b9bcf3f8f5f51819cc62599b29c9e9534d74ef9a812dd0d4acaaa57b9fe2a59
1,eth_0xea3c0dfe385e104c7d19c2f10fa8fb5a2a1fc7b0,0xea3c0dfe385e104c7d19c2f10fa8fb5a2a1fc7b0,PMBW / WETH,2026-09-13T05:38:35Z,uniswap_v2,0x0d5935b078a354053ec75d37ca40d37b0790a6a0,PMBW,0xc02aaa39b223fe8d0a0e5c4f27ead9083c756cc2,WETH,0.002355259279,1711.1805397885,19,4,https://www.geckoterminal.com/eth/pools/0xea3c0dfe385e104c7d19c2f10fa8fb5a2a1fc7b0
1,eth_0x7eee70fc78a64d014ca2a1b431758e2af2f6433e46826774e6834a1f875fefa9,0x7eee70fc78a64d014ca2a1b431758e2af2f6433e46826774e6834a1f875fefa9,STRAW / USDC 18.9%,2026-09-13T05:29:47Z,uniswap-v4-ethereum,0xabc8742d68e3205fc051a9da671c942d8a74bbc2,STRAW,0xa0b86991c6218b36c1d19d4a2e9eb0ce3606eb48,USDC,1638.1186,469.0298224042,3,10,https://www.geckoterminal.com/eth/pools/0x7eee70fc78a64d014ca2a1b431758e2af2f6433e46826774e6834a1f875fefa9
1,eth_0xccbeb119a7ead466a364d44e975118c4ef53b806,0xccbeb119a7ead466a364d44e975118c4ef53b806,FLUM / WETH,2026-09-13T05:14:11Z,uniswap_v2,0x541c6c112eaec5e64bd13a38a4794a6ff6bdf833,FLUM,0xc02aaa39b223fe8d0a0e5c4f27ead9083c756cc2,WETH,0.00321461107797104,2027.3037349211,20,4,https://www.geckoterminal.com/eth/pools/0xccbeb119a7ead466a364d44e975118c4ef53b806
1,eth_0x9f838c8d26c8cddb4b625bae462fdcaa3c46cc31,0x9f838c8d26c8cddb4b625bae462fdcaa3c46cc31,GIGI / WETH,2026-09-13T04:59:11Z,uniswap_v2,0xff4c982595a157eac49e083bf042f46cf9596c78,GIGI,0xc02aaa39b223fe8d0a0e5c4f27ead9083c756cc2,WETH,0.0364169413,60028.8304491048,55,16,https://www.geckoterminal.com/eth/pools/0x9f838c8d26c8cddb4b625bae462fdcaa3c46cc31
1,eth_0x3d0acc293d535a4ff844bed13916a23eac09a80f,0x3d0acc293d535a4ff844bed13916a23eac09a80f,CRFL / WETH,2026-09-13T04:53:23Z,uniswap_v2,0x80fd34042ef2ac72119dbc002fbf129949fbcebd,CRFL,0xc02aaa39b223fe8d0a0e5c4f27ead9083c756cc2,WETH,0.00187392742682911,1466.5042260859,18,3,https://www.geckoterminal.com/eth/pools/0x3d0acc293d535a4ff844bed13916a23eac09a80f
1,eth_0x5fd8a51042972b2777e0480817d0c7478a5a3dc2863acfd400ffa50a5c81a638,0x5fd8a51042972b2777e0480817d0c7478a5a3dc2863acfd400ffa50a5c81a638,SEND / USDC 6.896%,2026-09-13T04:44:47Z,uniswap-v4-ethereum,0x47accd13264d8f954105256faac8376ce6a55999,SEND,0xa0b86991c6218b36c1d19d4a2e9eb0ce3606eb48,USDC,2979.0374,342.2875469692,0,11,https://www.geckoterminal.com/eth/pools/0x5fd8a51042972b2777e0480817d0c7478a5a3dc2863acfd400ffa50a5c81a638
3,eth_0x25666bac45134dd62345a25b98765e29e32eaa74d3560380134f52c945a0b28b,0x25666bac45134dd62345a25b98765e29e32eaa74d3560380134f52c945a0b28b,BLUECHIP / USDC 30%,2026-09-13T02:02:11Z,uniswap-v4-ethereum,0x3c62f29621015786ecb65faef80033c694b3c92b,BLUECHIP,0xa0b86991c6218b36c1d19d4a2e9eb0ce3606eb48,USDC,2.5146,0.9511281034,1,1,https://www.geckoterminal.com/eth/pools/0x25666bac45134dd62345a25b98765e29e32eaa74d3560380134f52c945a0b28b
3,eth_0x9f2506e7d9006d3b149c6ec526aa57741dafb5bc,0x9f2506e7d9006d3b149c6ec526aa57741dafb5bc,GORILLION / WETH,2026-09-13T01:49:59Z,uniswap_v2,0xf689b5fed1ae53a6850b471d4863cc1d2474dfca,GORILLION,0xc02aaa39b223fe8d0a0e5c4f27ead9083c756cc2,WETH,0.0209461667462436,42.4118755782,1,1,https://www.geckoterminal.com/eth/pools/0x9f2506e7d9006d3b149c6ec526aa57741dafb5bc
3,eth_0xa7d81b71c581ed8109ae69892b6bd23d71ad9dc8ff6fc10ae3c23a675753cb4f,0xa7d81b71c581ed8109ae69892b6bd23d71ad9dc8ff6fc10ae3c23a675753cb4f,SHIB / KIMCHI 1%,2026-09-13T01:49:11Z,uniswap-v4-ethereum,0x95ad61b0a150d79219dcf64e1e6cc01f0b64c4ce,SHIB,0xc15ebe0d835814c758067bb5ef38f8dfaed2d496,KIMCHI,10156.631,17105.1163650312,39,48,https://www.geckoterminal.com/eth/pools/0xa7d81b71c581ed8109ae69892b6bd23d71ad9dc8ff6fc10ae3c23a675753cb4f
3,eth_0xf1ba18b02e664d44f2174b82bbf79b51ee56286451cbd42bb41625e5cd94015e,0xf1ba18b02e664d44f2174b82bbf79b51ee56286451cbd42bb41625e5cd94015e,SPIRAL / USDC 7.55%,2026-09-13T01:48:59Z,uniswap-v4-ethereum,0x6a77e39240da69ea788e4cf93663d2c41ea4b12b,SPIRAL,0xa0b86991c6218b36c1d19d4a2e9eb0ce3606eb48,USDC,1083.4463,944.9578729911,19,11,https://www.geckoterminal.com/eth/pools/0xf1ba18b02e664d44f2174b82bbf79b51ee56286451cbd42bb41625e5cd94015e
3,eth_0xca1aea66e70da3f759db65032fd757965c45e7a95c81fa5e4c736862ca261073,0xca1aea66e70da3f759db65032fd757965c45e7a95c81fa5e4c736862ca261073,SEND / USDC 6.81%,2026-09-13T01:46:23Z,uniswap-v4-ethereum,0x47accd13264d8f954105256faac8376ce6a55999,SEND,0xa0b86991c6218b36c1d19d4a2e9eb0ce3606eb48,USDC,0.0,318.2171458831,12,10,https://www.geckoterminal.com/eth/pools/0xca1aea66e70da3f759db65032fd757965c45e7a95c81fa5e4c736862ca261073
3,eth_0x7876f76bbb21d8e5c7fc044d7a99c31241a7a620462077497175a93ff5440e0e,0x7876f76bbb21d8e5c7fc044d7a99c31241a7a620462077497175a93ff5440e0e,LSK / USDC 9.1%,2026-09-13T01:43:23Z,uniswap-v4-ethereum,0x6033f7f88332b8db6ad452b7c6d5bb643990ae3f,LSK,0xa0b86991c6218b36c1d19d4a2e9eb0ce3606eb48,USDC,0.0,176.7537563127,12,6,https://www.geckoterminal.com/eth/pools/0x7876f76bbb21d8e5c7fc044d7a99c31241a7a620462077497175a93ff5440e0e
3,eth_0xbdbd72b8196af4ad313dd29b177a0a3873cf15f2d4ccffd1b929e14c468f3d33,0xbdbd72b8196af4ad313dd29b177a0a3873cf15f2d4ccffd1b929e14c468f3d33,MRDN / USDC 14.98%,2026-09-13T01:42:59Z,uniswap-v4-ethereum,0x751aad7d46448b4fb87bcbbed2dd921bebdf7257,MRDN,0xa0b86991c6218b36c1d19d4a2e9eb0ce3606eb48,USDC,564.4783,161.7136236395,4,6,https://www.geckoterminal.com/eth/pools/0xbdbd72b8196af4ad313dd29b177a0a3873cf15f2d4ccffd1b929e14c468f3d33
3,eth_0xcaa27d0c6395079b5c3bf78d46b2c5bd22d22f304e1f02c5cd574cf99d20a061,0xcaa27d0c6395079b5c3bf78d46b2c5bd22d22f304e1f02c5cd574cf99d20a061,ORBI / USDC 88%,2026-09-13T01:33:11Z,uniswap-v4-ethereum,0x2a334870ef09a956296cb4beb1df6b561d9da602,ORBI,0xa0b86991c6218b36c1d19d4a2e9eb0ce3606eb48,USDC,545.6769,12.1276906446,3,11,https://www.geckoterminal.com/eth/pools/0xcaa27d0c6395079b5c3bf78d46b2c5bd22d22f304e1f02c5cd574cf99d20a061
3,eth_0xc99df287fd147e163d24a8a3434e9687eede9e9ce1edb1186a3dcca706a1be56,0xc99df287fd147e163d24a8a3434e9687eede9e9ce1edb1186a3dcca706a1be56,ORBI / USDC 9.7%,2026-09-13T01:31:11Z,uniswap-v4-ethereum,0x2a334870ef09a956296cb4beb1df6b561d9da602,ORBI,0xa0b86991c6218b36c1d19d4a2e9eb0ce3606eb48,USDC,34.1991,634.5880432929,7,13,https://www.geckoterminal.com/eth/pools/0xc99df287fd147e163d24a8a3434e9687eede9e9ce1edb1186a3dcca706a1be56
3,eth_0xeb7734d421d4774142484361e12d69e76a41cb91320c18954f45ead6b16f0dc4,0xeb7734d421d4774142484361e12d69e76a41cb91320c18954f45ead6b16f0dc4,POWR / USDC 9.1%,2026-09-13T01:28:59Z,uniswap-v4-ethereum,0x595832f8fc6bf59c85c527fec3740a1b7a361269,POWR,0xa0b86991c6218b36c1d19d4a2e9eb0ce3606eb48,USDC,3.0176,35.4945077899,0,5,https://www.geckoterminal.com/eth/pools/0xeb7734d421d4774142484361e12d69e76a41cb91320c18954f45ead6b16f0dc4
3,eth_0x989c7ada2d925527dff562f276b4a5b7c9433d28669553c1911810c3459aec95,0x989c7ada2d925527dff562f276b4a5b7c9433d28669553c1911810c3459aec95,ORBI / USDC 90%,2026-09-13T01:26:47Z,uniswap-v4-ethereum,0x2a334870ef09a956296cb4beb1df6b561d9da602,ORBI,0xa0b86991c6218b36c1d19d4a2e9eb0ce3606eb48,USDC,391.278,214.3360635077,2,13,https://www.geckoterminal.com/eth/pools/0x989c7ada2d925527dff562f276b4a5b7c9433d28669553c1911810c3459aec95
3,eth_0x57a87b1d09507509517b9810fa34436b6a58e5ce,0x57a87b1d09507509517b9810fa34436b6a58e5ce,FDD / WETH,2026-09-13T01:24:59Z,uniswap_v2,0x914de2d8df31045378a2319f39fa3df39b64d49a,FDD,0xc02aaa39b223fe8d0a0e5c4f27ead9083c756cc2,WETH,0.002537887378,3495.5340105257,52,6,https://www.geckoterminal.com/eth/pools/0x57a87b1d09507509517b9810fa34436b6a58e5ce
3,eth_0x321a2db9a2777d2441fe385e8ce0fe3e5288e1f7931993431e777ea5b59266a5,0x321a2db9a2777d2441fe385e8ce0fe3e5288e1f7931993431e777ea5b59266a5,ORBI / ETH,2026-09-13T01:16:59Z,uniswap-v4-ethereum,0x2a334870ef09a956296cb4beb1df6b561d9da602,ORBI,0x0000000000000000000000000000000000000000,ETH,3850.9197,31055.8254298985,134,26,https://www.geckoterminal.com/eth/pools/0x321a2db9a2777d2441fe385e8ce0fe3e5288e1f7931993431e777ea5b59266a5
3,eth_0xa7a4542051d833348e3b12329864f6b44696f9ce5c2071db8b514a022ee41b01,0xa7a4542051d833348e3b12329864f6b44696f9ce5c2071db8b514a022ee41b01,kARGO / ETH 15%,2026-09-13T01:05:23Z,uniswap-v4-ethereum,0xdc3c3d7ada46bd1c70166d542a1404bd43fa802a,kARGO,0x0000000000000000000000000000000000000000,ETH,441.7766,556.1806949541,24,19,https://www.geckoterminal.com/eth/pools/0xa7a4542051d833348e3b12329864f6b44696f9ce5c2071db8b514a022ee41b01
3,eth_0x40282e4eb1745f0588b40d7a64cc8a872b22a5e02c2528eeed5c51ef3c7f14b0,0x40282e4eb1745f0588b40d7a64cc8a872b22a5e02c2528eeed5c51ef3c7f14b0,BLUECHIP / USDC 89.89%,2026-09-13T01:01:11Z,uniswap-v4-ethereum,0x3c62f29621015786ecb65faef80033c694b3c92b,BLUECHIP,0xa0b86991c6218b36c1d19d4a2e9eb0ce3606eb48,USDC,16.8481,7.2886862109,0,3,https://www.geckoterminal.com/eth/pools/0x40282e4eb1745f0588b40d7a64cc8a872b22a5e02c2528eeed5c51ef3c7f14b0
3,eth_0xdf2ea404ed2f80f3bd979aad34121e903e7ba5f1e284ebfa7857fe6c340ad26e,0xdf2ea404ed2f80f3bd979aad34121e903e7ba5f1e284ebfa7857fe6c340ad26e,kARGO / USDC 19.7%,2026-09-13T01:00:59Z,uniswap-v4-ethereum,0xdc3c3d7ada46bd1c70166d542a1404bd43fa802a,kARGO,0xa0b86991c6218b36c1d19d4a2e9eb0ce3606eb48,USDC,275.3531,137.1581557728,2,6,https://www.geckoterminal.com/eth/pools/0xdf2ea404ed2f80f3bd979aad34121e903e7ba5f1e284ebfa7857fe6c340ad26e
3,eth_0x64fffe2b7afaf645a1b71a3e62349b638de51b81,0x64fffe2b7afaf645a1b71a3e62349b638de51b81,ARGO / USDC,2026-09-13T00:59:23Z,dodo-pmm-ethereum,0x0400530a45fbcca043020a24c0080bb511e0fcb6,ARGO,0xa0b86991c6218b36c1d19d4a2e9eb0ce3606eb48,USDC,1498.1987,2278.3128437237,1,22,https://www.geckoterminal.com/eth/pools/0x64fffe2b7afaf645a1b71a3e62349b638de51b81
3,eth_0xca7ea9e92dc07954fc00c892bbfc83af44afa1a5eab5331e992d3ada72f56816,0xca7ea9e92dc07954fc00c892bbfc83af44afa1a5eab5331e992d3ada72f56816,kARGO / USDC 10%,2026-09-13T00:57:35Z,uniswap-v4-ethereum,0xdc3c3d7ada46bd1c70166d542a1404bd43fa802a,kARGO,0xa0b86991c6218b36c1d19d4a2e9eb0ce3606eb48,USDC,25.1464,2658.2452327936,18,31,https://www.geckoterminal.com/eth/pools/0xca7ea9e92dc07954fc00c892bbfc83af44afa1a5eab5331e992d3ada72f56816
3,eth_0xad8a6463107576955b9b298c1e66af05b90a6a1af1892a5323fc9747a911ae48,0xad8a6463107576955b9b298c1e66af05b90a6a1af1892a5323fc9747a911ae48,BLUECHIP / USDT 32%,2026-09-13T00:57:35Z,uniswap-v4-ethereum,0x3c62f29621015786ecb65faef80033c694b3c92b,BLUECHIP,0xdac17f958d2ee523a2206206994597c13d831ec7,USDT,16.5966,6.5486975212,3,1,https://www.geckoterminal.com/eth/pools/0xad8a6463107576955b9b298c1e66af05b90a6a1af1892a5323fc9747a911ae48
3,eth_0x91ab31b8f3e2aa4e4dad8b4ac9f00bca03619cad83765cd8217041b4501e06c0,0x91ab31b8f3e2aa4e4dad8b4ac9f00bca03619cad83765cd8217041b4501e06c0,NAUTS / kARGO,2026-09-13T00:53:23Z,uniswap-v4-ethereum,0xdf994451ef79e529b591df2852c5a8cd3af48c36,NAUTS,0xdc3c3d7ada46bd1c70166d542a1404bd43fa802a,kARGO,58774.4293,39.9696524003,0,1,https://www.geckoterminal.com/eth/pools/0x91ab31b8f3e2aa4e4dad8b4ac9f00bca03619cad83765cd8217041b4501e06c0
4,eth_0x232573a9fd7e3b708d588d784c845505be8abb81edbc3ab43efae3f5efba4b62,0x232573a9fd7e3b708d588d784c845505be8abb81edbc3ab43efae3f5efba4b62,GM / USDC 0.9%,2026-09-13T00:49:59Z,uniswap-v4-ethereum,0xe5f9137f75695ab30621edec5094d33e24331ab9,GM,0xa0b86991c6218b36c1d19d4a2e9eb0ce3606eb48,USDC,450.5769,2385.4936815159,58,72,https://www.geckoterminal.com/eth/pools/0x232573a9fd7e3b708d588d784c845505be8abb81edbc3ab43efae3f5efba4b62
4,eth_0x0246c0ec0ec435e969b2c62d95694dfff3f533ffc56a065da61a6583ff8d0c81,0x0246c0ec0ec435e969b2c62d95694dfff3f533ffc56a065da61a6583ff8d0c81,kARGO / RES,2026-09-13T00:49:47Z,uniswap-v4-ethereum,0xdc3c3d7ada46bd1c70166d542a1404bd43fa802a,kARGO,0xf919987646c3a2b1389fdebd30c5e0eeb07a1756,RES,56673.699,637.8188529002,2,1,https://www.geckoterminal.com/eth/pools/0x0246c0ec0ec435e969b2c62d95694dfff3f533ffc56a065da61a6583ff8d0c81
4,eth_0x3888ac49c8a3b6a48d5b401a3f501c8449e7a9ddaae969e1e3b92a82ce3456e9,0x3888ac49c8a3b6a48d5b401a3f501c8449e7a9ddaae969e1e3b92a82ce3456e9,kARGO / USDC 55%,2026-09-13T00:48:11Z,uniswap-v4-ethereum,0xdc3c3d7ada46bd1c70166d542a1404bd43fa802a,kARGO,0xa0b86991c6218b36c1d19d4a2e9eb0ce3606eb48,USDC,22.6318,2.3250222946,1,1,https://www.geckoterminal.com/eth/pools/0x3888ac49c8a3b6a48d5b401a3f501c8449e7a9ddaae969e1e3b92a82ce3456e9
4,eth_0x8346944da7e54af252b864c715dc9a90fdba79dfbc7ff43c9c8972ab779cc0a9,0x8346944da7e54af252b864c715dc9a90fdba79dfbc7ff43c9c8972ab779cc0a9,NSDQ / SPYon,2026-09-13T00:47:47Z,uniswap-v4-ethereum,0x7b1916d65564028f28ed5c358f3bfd87a4ec33a9,NSDQ,0xfedc5f4a6c38211c1338aa411018dfaf26612c08,SPYon,5144.199,1101.9624322414,11,7,https://www.geckoterminal.com/eth/pools/0x8346944da7e54af252b864c715dc9a90fdba79dfbc7ff43c9c8972ab779cc0a9
4,eth_0xd1fa9db22a9ed34eea3f399098f6a8ebeb2ad0666581964d2a433e8b5a8cd333,0xd1fa9db22a9ed34eea3f399098f6a8ebeb2ad0666581964d2a433e8b5a8cd333,kARGO / USDC 21%,2026-09-13T00:45:11Z,uniswap-v4-ethereum,0xdc3c3d7ada46bd1c70166d542a1404bd43fa802a,kARGO,0xa0b86991c6218b36c1d19d4a2e9eb0ce3606eb48,USDC,828.4882,1542.6588470231,35,39,https://www.geckoterminal.com/eth/pools/0xd1fa9db22a9ed34eea3f399098f6a8ebeb2ad0666581964d2a433e8b5a8cd333
4,eth_0x3994f78f3df111ce737e9b72f9a22eac0cc1da1ba2e27e3a6a9103efb4cddd63,0x3994f78f3df111ce737e9b72f9a22eac0cc1da1ba2e27e3a6a9103efb4cddd63,kARGO / ETH 20%,2026-09-13T00:39:23Z,uniswap-v4-ethereum,0xdc3c3d7ada46bd1c70166d542a1404bd43fa802a,kARGO,0x0000000000000000000000000000000000000000,ETH,345.5115,1141.7617573627,32,33,https://www.geckoterminal.com/eth/pools/0x3994f78f3df111ce737e9b72f9a22eac0cc1da1ba2e27e3a6a9103efb4cddd63
4,eth_0x049bfa318c15fca8dd5cac16fd26071e73d09434,0x049bfa318c15fca8dd5cac16fd26071e73d09434,PLNT / WETH,2026-09-13T00:38:23Z,uniswap_v2,0x64fcef9e0c210decfe34a4050b3528ddfec3abee,PLNT,0xc02aaa39b223fe8d0a0e5c4f27ead9083c756cc2,WETH,0.001237140769,1200.2356441269,17,2,https://www.geckoterminal.com/eth/pools/0x049bfa318c15fca8dd5cac16fd26071e73d09434
4,eth_0x364f1269ddfcb785a3de071cd7cf0e2e4be91ac9affd2eafffbf814280484f93,0x364f1269ddfcb785a3de071cd7cf0e2e4be91ac9affd2eafffbf814280484f93,NVDAon / CHIPS,2026-09-13T00:36:23Z,uniswap-v4-ethereum,0x2d1f7226bd1f780af6b9a49dcc0ae00e8df4bdee,NVDAon,0x8e0ad08b6f3a73f4a51d57c99889c1aea329c760,CHIPS,1007.6162,720.4242816562,5,5,https://www.geckoterminal.com/eth/pools/0x364f1269ddfcb785a3de071cd7cf0e2e4be91ac9affd2eafffbf814280484f93
4,eth_0xa7bec3d9fc3c3d2e9f3d2f2ec3acd1021768688d02521711488e72b402155e60,0xa7bec3d9fc3c3d2e9f3d2f2ec3acd1021768688d02521711488e72b402155e60,MUon / CHIPS,2026-09-13T00:36:23Z,uniswap-v4-ethereum,0x050362ab1072cb2ce74d74770e22a3203ad04ee5,MUon,0x8e0ad08b6f3a73f4a51d57c99889c1aea329c760,CHIPS,1052.6283,51.1411503567,1,1,https://www.geckoterminal.com/eth/pools/0xa7bec3d9fc3c3d2e9f3d2f2ec3acd1021768688d02521711488e72b402155e60
4,eth_0x9259b5f70f34be6ee9a71ff6c5d1e60c428a71c057f1f1d9e75e5d40bcd04607,0x9259b5f70f34be6ee9a71ff6c5d1e60c428a71c057f1f1d9e75e5d40bcd04607,AMDon / CHIPS,2026-09-13T00:36:23Z,uniswap-v4-ethereum,0x0c1f3412a44ff99e40bf14e06e5ea321ae7b3938,AMDon,0x8e0ad08b6f3a73f4a51d57c99889c1aea329c760,CHIPS,936.4519,63.2761830176,0,1,https://www.geckoterminal.com/eth/pools/0x9259b5f70f34be6ee9a71ff6c5d1e60c428a71c057f1f1d9e75e5d40bcd04607
4,eth_0x39094bf76cb5c1af2d7b8766f5f9085fb72876e90acf1a48c20bf626420e9b2d,0x39094bf76cb5c1af2d7b8766f5f9085fb72876e90acf1a48c20bf626420e9b2d,CHIPS / MSFTon,2026-09-13T00:36:23Z,uniswap-v4-ethereum,0x8e0ad08b6f3a73f4a51d57c99889c1aea329c760,CHIPS,0xb812837b81a3a6b81d7cd74cfb19a7f2784555e5,MSFTon,1113.2311,373.2774622061,1,6,https://www.geckoterminal.com/eth/pools/0x39094bf76cb5c1af2d7b8766f5f9085fb72876e90acf1a48c20bf626420e9b2d
4,eth_0xe31f5cfd0d36d5320df2608cd65ef18700d24bd1f4f876183ade34bd0718dcc6,0xe31f5cfd0d36d5320df2608cd65ef18700d24bd1f4f876183ade34bd0718dcc6,kARGO / GM,2026-09-13T00:31:59Z,uniswap-v4-ethereum,0xdc3c3d7ada46bd1c70166d542a1404bd43fa802a,kARGO,0xe5f9137f75695ab30621edec5094d33e24331ab9,GM,68737.3661,48790.3343005496,119,139,https://www.geckoterminal.com/eth/pools/0xe31f5cfd0d36d5320df2608cd65ef18700d24bd1f4f876183ade34bd0718dcc6
4,eth_0x1bceacbf9475c415c88b48762a941422ba578c641d4cb359dc57abc50d1133f8,0x1bceacbf9475c415c88b48762a941422ba578c641d4cb359dc57abc50d1133f8,STONK / SPYon,2026-09-13T00:31:47Z,uniswap-v4-ethereum,0x73359932485d79fb9e4481c438f11da223e410e3,STONK,0xfedc5f4a6c38211c1338aa411018dfaf26612c08,SPYon,5117.2924,365.3309454138,1,2,https://www.geckoterminal.com/eth/pools/0x1bceacbf9475c415c88b48762a941422ba578c641d4cb359dc57abc50d1133f8
4,eth_0xbad43e58b62214d83c9c5508fe5e75e092fc109c67c775674682be3e0273022c,0xbad43e58b62214d83c9c5508fe5e75e092fc109c67c775674682be3e0273022c,kARGO / ETH 0.3%,2026-09-13T00:29:23Z,uniswap-v4-ethereum,0xdc3c3d7ada46bd1c70166d542a1404bd43fa802a,kARGO,0x0000000000000000000000000000000000000000,ETH,36329.0194,329682.436626232,636,397,https://www.geckoterminal.com/eth/pools/0xbad43e58b62214d83c9c5508fe5e75e092fc109c67c775674682be3e0273022c
4,eth_0xd77f8e3e1e445a14fa6ec36ae1ea95317226d553dbf532e0b6f41d5616ffd243,0xd77f8e3e1e445a14fa6ec36ae1ea95317226d553dbf532e0b6f41d5616ffd243,spcxon / ELON,2026-09-13T00:29:23Z,uniswap-v4-ethereum,0xc9eef266834730340a55b6cc24621b31baf55581,spcxon,0xf495c0238995fb53b4e9c9b35612c5a93a0b2e2b,ELON,3035.6734,119.4061575842,1,0,https://www.geckoterminal.com/eth/pools/0xd77f8e3e1e445a14fa6ec36ae1ea95317226d553dbf532e0b6f41d5616ffd243
4,eth_0x323ab387fba8828001caa3c67d79f0faba608a942218865438358e94d44db712,0x323ab387fba8828001caa3c67d79f0faba608a942218865438358e94d44db712,SONIC / WETH,2026-09-13T00:28:47Z,uniswap-v4-ethereum,0x91c9045499cf58f81899a836d689a9ba8ccb9487,SONIC,0xc02aaa39b223fe8d0a0e5c4f27ead9083c756cc2,WETH,2519.4178,859.3379354498,7,3,https://www.geckoterminal.com/eth/pools/0x323ab387fba8828001caa3c67d79f0faba608a942218865438358e94d44db712
4,eth_0xf1807460fbfdc0aeb2752dd6100c13dd76134f90d3db5bd86feded4b15cddca0,0xf1807460fbfdc0aeb2752dd6100c13dd76134f90d3db5bd86feded4b15cddca0,ASTEROID / spcxon,2026-09-13T00:28:47Z,uniswap-v4-ethereum,0x3b2bf469ad93e32dcad68dd70ac9460fe5ec95d1,ASTEROID,0xc9eef266834730340a55b6cc24621b31baf55581,spcxon,5201.2814,509.6364935076,4,2,https://www.geckoterminal.com/eth/pools/0xf1807460fbfdc0aeb2752dd6100c13dd76134f90d3db5bd86feded4b15cddca0
4,eth_0x231ca27c441e9387f3e3f219ed5d52ea986be3b16674b45f7795cfe05cdbd1df,0x231ca27c441e9387f3e3f219ed5d52ea986be3b16674b45f7795cfe05cdbd1df,MCAT / WETH,2026-09-13T00:20:47Z,uniswap-v4-ethereum,0x25db22f3a311b484b3dfa388f6229a60ab38b75f,MCAT,0xc02aaa39b223fe8d0a0e5c4f27ead9083c756cc2,WETH,7266.5582,36067.5435733838,159,86,https://www.geckoterminal.com/eth/pools/0x231ca27c441e9387f3e3f219ed5d52ea986be3b16674b45f7795cfe05cdbd1df
4,eth_0x1393898ccaf096fa26a07125fa83619afd4c89b7a87ed805d6f02b8e761e23db,0x1393898ccaf096fa26a07125fa83619afd4c89b7a87ed805d6f02b8e761e23db,BLUECHIP / USDC 55%,2026-09-13T00:19:59Z,uniswap-v4-ethereum,0x3c62f29621015786ecb65faef80033c694b3c92b,BLUECHIP,0xa0b86991c6218b36c1d19d4a2e9eb0ce3606eb48,USDC,43.7547,19.2512456597,7,5,https://www.geckoterminal.com/eth/pools/0x1393898ccaf096fa26a07125fa83619afd4c89b7a87ed805d6f02b8e761e23db
4,eth_0xd3aedc45f28f84d2c09d9d901a9bf9ecbcdcb398358f8a196148d6b285ade717,0xd3aedc45f28f84d2c09d9d901a9bf9ecbcdcb398358f8a196148d6b285ade717,BLUECHIP / ETH 36%,2026-09-13T00:19:47Z,uniswap-v4-ethereum,0x3c62f29621015786ecb65faef80033c694b3c92b,BLUECHIP,0x0000000000000000000000000000000000000000,ETH,23.1347,17.5857951245,6,5,https://www.geckoterminal.com/eth/pools/0xd3aedc45f28f84d2c09d9d901a9bf9ecbcdcb398358f8a196148d6b285ade717
5,eth_0xd8a38c9ddf37419e60f3bfe986eeff0a87ddb8d6,0xd8a38c9ddf37419e60f3bfe986eeff0a87ddb8d6,$ABWG / WETH,2026-09-13T00:18:59Z,uniswap_v2,0xbe2f80d922be4ef6ae35dcb061a708b0c8841059,$ABWG,0xc02aaa39b223fe8d0a0e5c4f27ead9083c756cc2,WETH,0.0008953505509,1146.5434908722,20,2,https://www.geckoterminal.com/eth/pools/0xd8a38c9ddf37419e60f3bfe986eeff0a87ddb8d6
5,eth_0xdfb29ec88c150490dad125624c69f8a91727b314008a096b6e53711feefa5418,0xdfb29ec88c150490dad125624c69f8a91727b314008a096b6e53711feefa5418,BLUECHIP / ETH 50%,2026-09-13T00:16:59Z,uniswap-v4-ethereum,0x3c62f29621015786ecb65faef80033c694b3c92b,BLUECHIP,0x0000000000000000000000000000000000000000,ETH,7.7954,4.7351580856,4,4,https://www.geckoterminal.com/eth/pools/0xdfb29ec88c150490dad125624c69f8a91727b314008a096b6e53711feefa5418
5,eth_0xd492ea66621c36c407053a2755755539ca54f89c9284d6f3105a8f86d34ad7dd,0xd492ea66621c36c407053a2755755539ca54f89c9284d6f3105a8f86d34ad7dd,BLUECHIP / USDC 35%,2026-09-13T00:16:47Z,uniswap-v4-ethereum,0x3c62f29621015786ecb65faef80033c694b3c92b,BLUECHIP,0xa0b86991c6218b36c1d19d4a2e9eb0ce3606eb48,USDC,11.3159,28.164354877,8,8,https://www.geckoterminal.com/eth/pools/0xd492ea66621c36c407053a2755755539ca54f89c9284d6f3105a8f86d34ad7dd
5,eth_0xbd422251f3f0ec5d0ee40b14438e7f42ad9a09e0b2cb08bdbf926fc1665037a0,0xbd422251f3f0ec5d0ee40b14438e7f42ad9a09e0b2cb08bdbf926fc1665037a0,KEKIUS / PEPE 1%,2026-09-13T00:15:11Z,uniswap-v4-ethereum,0xb1722c27ba5e7376656b8af60a33fa9ecdb4a154,KEKIUS,0x6982508145454ce325ddbe47a25d4ec3d2311933,PEPE,13292.2699,3643.9225998483,18,6,https://www.geckoterminal.com/eth/pools/0xbd422251f3f0ec5d0ee40b14438e7f42ad9a09e0b2cb08bdbf926fc1665037a0
5,eth_0xff89363b926c0cf9e74f201a25d89ba89d1f4de21dbab64c3537b560f1735d65,0xff89363b926c0cf9e74f201a25d89ba89d1f4de21dbab64c3537b560f1735d65,BLUECHIP / USDC 80%,2026-09-13T00:14:35Z,uniswap-v4-ethereum,0x3c62f29621015786ecb65faef80033c694b3c92b,BLUECHIP,0xa0b86991c6218b36c1d19d4a2e9eb0ce3606eb48,USDC,303.0141,5.2572903772,1,2,https://www.geckoterminal.com/eth/pools/0xff89363b926c0cf9e74f201a25d89ba89d1f4de21dbab64c3537b560f1735d65
5,eth_0x3d525cd9509b510c1c0522ef2e89faadb635ce0a422e577a54c2d53380c05cc0,0x3d525cd9509b510c1c0522ef2e89faadb635ce0a422e577a54c2d53380c05cc0,BLUECHIP / USDC 65%,2026-09-13T00:14:11Z,uniswap-v4-ethereum,0x3c62f29621015786ecb65faef80033c694b3c92b,BLUECHIP,0xa0b86991c6218b36c1d19d4a2e9eb0ce3606eb48,USDC,18.1054,0.8391081556,1,2,https://www.geckoterminal.com/eth/pools/0x3d525cd9509b510c1c0522ef2e89faadb635ce0a422e577a54c2d53380c05cc0
5,eth_0x0285a21256840e43355fcbb94a71def2822f8e14e99e0fd04dacdf98aaf303d1,0x0285a21256840e43355fcbb94a71def2822f8e14e99e0fd04dacdf98aaf303d1,QRL / ETH 1.1%,2026-09-13T00:11:59Z,uniswap-v4-ethereum,0x4a531911cd6a12b05db654626cdbca115c261111,QRL,0x0000000000000000000000000000000000000000,ETH,3447.32,0.3463673241,1,0,https://www.geckoterminal.com/eth/pools/0x0285a21256840e43355fcbb94a71def2822f8e14e99e0fd04dacdf98aaf303d1
5,eth_0x799312a344ffe09e7479d80f4ec9744d12c370889b34a7ad631e2d2004a59c06,0x799312a344ffe09e7479d80f4ec9744d12c370889b34a7ad631e2d2004a59c06,PEPE / WETH,2026-09-13T00:11:23Z,uniswap-v4-ethereum,0x680d4b673b3fe1133756d0a7e354fb20f6882a8f,PEPE,0xc02aaa39b223fe8d0a0e5c4f27ead9083c756cc2,WETH,2954.9535,2920.8760930353,27,11,https://www.geckoterminal.com/eth/pools/0x799312a344ffe09e7479d80f4ec9744d12c370889b34a7ad631e2d2004a59c06
5,eth_0x619ef4f3cdb87529353648ebb0accd8199ab3f7e7069109fa65ba0b20efdb5b6,0x619ef4f3cdb87529353648ebb0accd8199ab3f7e7069109fa65ba0b20efdb5b6,ROCKS / ETH 1%,2026-09-13T00:10:23Z,uniswap-v4-ethereum,0xc3392b4be78d411744db852e2913a31b992ab25f,ROCKS,0x0000000000000000000000000000000000000000,ETH,54.8192,5356.2053464486,35,2,https://www.geckoterminal.com/eth/pools/0x619ef4f3cdb87529353648ebb0accd8199ab3f7e7069109fa65ba0b20efdb5b6
5,eth_0x2cbf466f22f69b67a76b36fffc8c9dad9174d835a554649636dfe1e637ec4efd,0x2cbf466f22f69b67a76b36fffc8c9dad9174d835a554649636dfe1e637ec4efd,VITAFUSE / ETH 2.1%,2026-09-13T00:02:59Z,uniswap-v4-ethereum,0x746e8e961bff522f48670512fb706cd865271111,VITAFUSE,0x0000000000000000000000000000000000000000,ETH,3800.124,702.0424788687,6,1,https://www.geckoterminal.com/eth/pools/0x2cbf466f22f69b67a76b36fffc8c9dad9174d835a554649636dfe1e637ec4efd
5,eth_0x378eb6d37aa3097931b3d64d7cca4c9421f5c6e0,0x378eb6d37aa3097931b3d64d7cca4c9421f5c6e0,AHON / WETH,2026-09-12T23:58:35Z,uniswap_v2,0xce8a7ae64a9855652e78c669d122d686c8740976,AHON,0xc02aaa39b223fe8d0a0e5c4f27ead9083c756cc2,WETH,0.000926059854873452,1195.5916344628,19,3,https://www.geckoterminal.com/eth/pools/0x378eb6d37aa3097931b3d64d7cca4c9421f5c6e0
5,eth_0xce7f18f0e85e3e9e432c29b1d9b750c6ff64d660,0xce7f18f0e85e3e9e432c29b1d9b750c6ff64d660,FLOPPY / WETH,2026-09-12T23:55:47Z,uniswap_v2,0xf6e5b457304b0ab77deb2b881201197a5cf00984,FLOPPY,0xc02aaa39b223fe8d0a0e5c4f27ead9083c756cc2,WETH,0.04102449607,58740.8378705195,54,16,https://www.geckoterminal.com/eth/pools/0xce7f18f0e85e3e9e432c29b1d9b750c6ff64d660
5,eth_0x8f147aa6b6e7ac80ad5f1fab35ee7169c6b69a04,0x8f147aa6b6e7ac80ad5f1fab35ee7169c6b69a04,$BSCH / WETH,2026-09-12T23:42:35Z,uniswap_v2,0xce3af8ffdbf9cf703254b4a2673ccdb5405a160f,$BSCH,0xc02aaa39b223fe8d0a0e5c4f27ead9083c756cc2,WETH,0.001377147449,1425.4598946787,18,3,https://www.geckoterminal.com/eth/pools/0x8f147aa6b6e7ac80ad5f1fab35ee7169c6b69a04
5,eth_0x73b35904647ece30917a487c3a119691d6d0b3b95997fea33b95a5ade4a045bb,0x73b35904647ece30917a487c3a119691d6d0b3b95997fea33b95a5ade4a045bb,NVDAon / AIMAXX,2026-09-12T23:41:23Z,uniswap-v4-ethereum,0x2d1f7226bd1f780af6b9a49dcc0ae00e8df4bdee,NVDAon,0xa4202f14d8932cf85473603cc9ed243d48383504,AIMAXX,1441.6431,9899.6299709911,46,66,https://www.geckoterminal.com/eth/pools/0x73b35904647ece30917a487c3a119691d6d0b3b95997fea33b95a5ade4a045bb
5,eth_0xbb06cadb88dda4d6a02b39f454b6d7c5c3a2ab8dfe4f0cc93892917d3da19c85,0xbb06cadb88dda4d6a02b39f454b6d7c5c3a2ab8dfe4f0cc93892917d3da19c85,AIMAXX / GOOGLon,2026-09-12T23:41:23Z,uniswap-v4-ethereum,0xa4202f14d8932cf85473603cc9ed243d48383504,AIMAXX,0xba47214edd2bb43099611b208f75e4b42fdcfedc,GOOGLon,1343.3207,7184.0783159149,42,50,https://www.geckoterminal.com/eth/pools/0xbb06cadb88dda4d6a02b39f454b6d7c5c3a2ab8dfe4f0cc93892917d3da19c85
5,eth_0x7b190c69010a418e042ef9b159019ae6b4b3a4c03f5a2cbfa12ab67c7c75d5c3,0x7b190c69010a418e042ef9b159019ae6b4b3a4c03f5a2cbfa12ab67c7c75d5c3,AIMAXX / MSFTon,2026-09-12T23:41:23Z,uniswap-v4-ethereum,0xa4202f14d8932cf85473603cc9ed243d48383504,AIMAXX,0xb812837b81a3a6b81d7cd74cfb19a7f2784555e5,MSFTon,1555.3048,3445.1477273847,32,22,https://www.geckoterminal.com/eth/pools/0x7b190c69010a418e042ef9b159019ae6b4b3a4c03f5a2cbfa12ab67c7c75d5c3
5,eth_0xb7a7c213254c7320b2dfd418b30c764dd366449a9b79af208f3cc1053007fb02,0xb7a7c213254c7320b2dfd418b30c764dd366449a9b79af208f3cc1053007fb02,ILY / CULT 1%,2026-09-12T23:41:11Z,uniswap-v4-ethereum,0x4f7b01009429154125a0f991f53e812dccf03333,ILY,0x0000000000c5dc95539589fbd24be07c6c14eca4,CULT,0.0,3384.4218653487,20,0,https://www.geckoterminal.com/eth/pools/0xb7a7c213254c7320b2dfd418b30c764dd366449a9b79af208f3cc1053007fb02
5,eth_0x7b2a6c5c4838926d3936308a045bd490984391fd4318cad3f534000c73250490,0x7b2a6c5c4838926d3936308a045bd490984391fd4318cad3f534000c73250490,JOE / JIGGLE 1%,2026-09-12T23:40:35Z,uniswap-v4-ethereum,0x76e222b07c53d28b89b0bac18602810fc22b49a8,JOE,0xff5d4dadbfb7e4d6e24af00be5519daed4778c6a,JIGGLE,7886.1625,14.9450349451,0,1,https://www.geckoterminal.com/eth/pools/0x7b2a6c5c4838926d3936308a045bd490984391fd4318cad3f534000c73250490
5,eth_0xb4226b00157ead93ac0ff964c88203047990d5758603391c68922b210fecb439,0xb4226b00157ead93ac0ff964c88203047990d5758603391c68922b210fecb439,BEDROCK / USDT 87%,2026-09-12T23:28:23Z,uniswap-v4-ethereum,0xfd7bab0415256bf01c6d9706c50e49af4881232f,BEDROCK,0xdac17f958d2ee523a2206206994597c13d831ec7,USDT,0.2515,0.4368056859,3,0,https://www.geckoterminal.com/eth/pools/0xb4226b00157ead93ac0ff964c88203047990d5758603391c68922b210fecb439
5,eth_0x4d1751e116f5bdc9157d2ea3998e2fac7957db2c51ce775c047050c05bc824dc,0x4d1751e116f5bdc9157d2ea3998e2fac7957db2c51ce775c047050c05bc824dc,BEDROCK / USDC 81%,2026-09-12T23:27:35Z,uniswap-v4-ethereum,0xfd7bab0415256bf01c6d9706c50e49af4881232f,BEDROCK,0xa0b86991c6218b36c1d19d4a2e9eb0ce3606eb48,USDC,0.5029,0.4526954733,2,1,https://www.geckoterminal.com/eth/pools/0x4d1751e116f5bdc9157d2ea3998e2fac7957db2c51ce775c047050c05bc824dc
6,eth_0xac47a16fc067ac9b4bb634518318aa24745b9ec56547ebf84d8ea18744ccde80,0xac47a16fc067ac9b4bb634518318aa24745b9ec56547ebf84d8ea18744ccde80,BEDROCK / USDC 97%,2026-09-12T23:26:59Z,uniswap-v4-ethereum,0xfd7bab0415256bf01c6d9706c50e49af4881232f,BEDROCK,0xa0b86991c6218b36c1d19d4a2e9eb0ce3606eb48,USDC,1.2573,0.1891464538,1,2,https://www.geckoterminal.com/eth/pools/0xac47a16fc067ac9b4bb634518318aa24745b9ec56547ebf84d8ea18744ccde80
6,eth_0x08e8209a29ab961fd0b647ea25967ede7f81367c7434f2c46890aa247cd5375d,0x08e8209a29ab961fd0b647ea25967ede7f81367c7434f2c46890aa247cd5375d,EDOG / ETH 1%,2026-09-12T23:24:11Z,uniswap-v4-ethereum,0x179c719ddd22a152d5ba82f963c17a2e7abcc9e2,EDOG,0x0000000000000000000000000000000000000000,ETH,8098.901,249.8794452861,1,1,https://www.geckoterminal.com/eth/pools/0x08e8209a29ab961fd0b647ea25967ede7f81367c7434f2c46890aa247cd5375d
6,eth_0x9bc5fd76fd6dadb6169a3c4d99518d8b352fdb9f,0x9bc5fd76fd6dadb6169a3c4d99518d8b352fdb9f,$HLWK / WETH,2026-09-12T23:22:35Z,uniswap_v2,0x2530d347b12b1fa82231aea636c812393fa1145b,$HLWK,0xc02aaa39b223fe8d0a0e5c4f27ead9083c756cc2,WETH,0.00170103606,1654.2681726725,21,3,https://www.geckoterminal.com/eth/pools/0x9bc5fd76fd6dadb6169a3c4d99518d8b352fdb9f
6,eth_0x0dc36abc80582bdbd53870aa2bf212f27a24a52a9c16b51e34e3bab089d03d60,0x0dc36abc80582bdbd53870aa2bf212f27a24a52a9c16b51e34e3bab089d03d60,BEDROCK / ETH 1%,2026-09-12T23:17:47Z,uniswap-v4-ethereum,0xfd7bab0415256bf01c6d9706c50e49af4881232f,BEDROCK,0x0000000000000000000000000000000000000000,ETH,0.0,12046.7648002853,52,7,https://www.geckoterminal.com/eth/pools/0x0dc36abc80582bdbd53870aa2bf212f27a24a52a9c16b51e34e3bab089d03d60
6,eth_0xf3eec126b5a43f69ea17d0210f51afb5c666d6c7,0xf3eec126b5a43f69ea17d0210f51afb5c666d6c7,USDT / HYPE 1%,2026-09-12T23:12:23Z,sushiswap-v3-ethereum,0x21c3fcd4cf0e0e30458481ec70319805489e46f2,USDT,0xf31e894849fbc0bad41e90b0400f91f5b6805577,HYPE,235100165.529,6189228.45227576,8,10,https://www.geckoterminal.com/eth/pools/0xf3eec126b5a43f69ea17d0210f51afb5c666d6c7
6,eth_0xc7905ec3d8a62269620def4a1bed63161e59d80d,0xc7905ec3d8a62269620def4a1bed63161e59d80d,TSL / WETH,2026-09-12T23:06:23Z,uniswap_v2,0x5df97ca204c0a8297a8c82d2adea06d557f4bc4a,TSL,0xc02aaa39b223fe8d0a0e5c4f27ead9083c756cc2,WETH,0.001218347099,1438.2637705745,18,3,https://www.geckoterminal.com/eth/pools/0xc7905ec3d8a62269620def4a1bed63161e59d80d
6,eth_0x28541fb6390906c0020bb9fbf72dbc520367805b,0x28541fb6390906c0020bb9fbf72dbc520367805b,HYPE / WETH 1%,2026-09-12T23:02:35Z,sushiswap-v3-ethereum,0xf31e894849fbc0bad41e90b0400f91f5b6805577,HYPE,0xc02aaa39b223fe8d0a0e5c4f27ead9083c756cc2,WETH,1120288461.6395,0.44951115,3,0,https://www.geckoterminal.com/eth/pools/0x28541fb6390906c0020bb9fbf72dbc520367805b
6,eth_0x0d9e9396ccb2344409d310922b92d4e91229e3abeebe4aa72416a1f49542534a,0x0d9e9396ccb2344409d310922b92d4e91229e3abeebe4aa72416a1f49542534a,Stonk / ETH 2%,2026-09-12T22:56:59Z,uniswap-v4-ethereum,0x5de90f77003353805acc632bab2abd92816a1111,Stonk,0x0000000000000000000000000000000000000000,ETH,3850.6682,2591.7590713781,10,10,https://www.geckoterminal.com/eth/pools/0x0d9e9396ccb2344409d310922b92d4e91229e3abeebe4aa72416a1f49542534a
6,eth_0x8980af5899f3ff4ce2b82e7c9bfa1a8e0e8144fc,0x8980af5899f3ff4ce2b82e7c9bfa1a8e0e8144fc,FRWC / WETH,2026-09-12T22:50:47Z,uniswap_v2,0x1917eb65851fce87b9c43d2cd5176e5d13d645c0,FRWC,0xc02aaa39b223fe8d0a0e5c4f27ead9083c756cc2,WETH,0.001257487933,1381.3485330839,19,2,https://www.geckoterminal.com/eth/pools/0x8980af5899f3ff4ce2b82e7c9bfa1a8e0e8144fc
6,eth_0xe2f1a20bde8f6bf05f444366629685943998c5478e7843602d7bff41d6602d58,0xe2f1a20bde8f6bf05f444366629685943998c5478e7843602d7bff41d6602d58,SCAT / USDC 77%,2026-09-12T22:41:47Z,uniswap-v4-ethereum,0x5fbb7a1ee56f33ae6b69155082bdf7d5c73be992,SCAT,0xa0b86991c6218b36c1d19d4a2e9eb0ce3606eb48,USDC,3.7723,0.266028906,4,0,https://www.geckoterminal.com/eth/pools/0xe2f1a20bde8f6bf05f444366629685943998c5478e7843602d7bff41d6602d58
6,eth_0xe38b0f5efbbd948360be00d337700221af5ceb312b78a956644ae9075bcf9066,0xe38b0f5efbbd948360be00d337700221af5ceb312b78a956644ae9075bcf9066,BLUECHIP / USDT 48%,2026-09-12T22:38:47Z,uniswap-v4-ethereum,0x3c62f29621015786ecb65faef80033c694b3c92b,BLUECHIP,0xdac17f958d2ee523a2206206994597c13d831ec7,USDT,0.2515,0.2692353816,3,1,https://www.geckoterminal.com/eth/pools/0xe38b0f5efbbd948360be00d337700221af5ceb312b78a956644ae9075bcf9066
6,eth_0xa87c8c1cb9525f0550a6327ac12c696e74f26eff027e9614ec7c94d64b97c00f,0xa87c8c1cb9525f0550a6327ac12c696e74f26eff027e9614ec7c94d64b97c00f,BLUECHIP / USDT 81%,2026-09-12T22:38:11Z,uniswap-v4-ethereum,0x3c62f29621015786ecb65faef80033c694b3c92b,BLUECHIP,0xdac17f958d2ee523a2206206994597c13d831ec7,USDT,0.5029,0.2990551368,2,1,https://www.geckoterminal.com/eth/pools/0xa87c8c1cb9525f0550a6327ac12c696e74f26eff027e9614ec7c94d64b97c00f
6,eth_0xa69590cfd0822f45153d8cd425d9a513299d59f31fb7a44240403d8eea481508,0xa69590cfd0822f45153d8cd425d9a513299d59f31fb7a44240403d8eea481508,BLUECHIP / USDC 50%,2026-09-12T22:37:35Z,uniswap-v4-ethereum,0x3c62f29621015786ecb65faef80033c694b3c92b,BLUECHIP,0xa0b86991c6218b36c1d19d4a2e9eb0ce3606eb48,USDC,288.6807,582.1865424613,16,15,https://www.geckoterminal.com/eth/pools/0xa69590cfd0822f45153d8cd425d9a513299d59f31fb7a44240403d8eea481508
6,eth_0xdeb0b994209ae2b5fe20d1cd3163e66051b67a7feb77920551ea93d572dd6566,0xdeb0b994209ae2b5fe20d1cd3163e66051b67a7feb77920551ea93d572dd6566,BLUECHIP / USDC 77%,2026-09-12T22:37:11Z,uniswap-v4-ethereum,0x3c62f29621015786ecb65faef80033c694b3c92b,BLUECHIP,0xa0b86991c6218b36c1d19d4a2e9eb0ce3606eb48,USDC,0.7544,0.946711421,1,3,https://www.geckoterminal.com/eth/pools/0xdeb0b994209ae2b5fe20d1cd3163e66051b67a7feb77920551ea93d572dd6566
6,eth_0xfe2ee06771ae20eabde1a525bdafa39266be19935455e516a4d5cf10f35614a1,0xfe2ee06771ae20eabde1a525bdafa39266be19935455e516a4d5cf10f35614a1,BLUECHIP / USDC 88%,2026-09-12T22:36:47Z,uniswap-v4-ethereum,0x3c62f29621015786ecb65faef80033c694b3c92b,BLUECHIP,0xa0b86991c6218b36c1d19d4a2e9eb0ce3606eb48,USDC,9.8071,1.1729084537,3,1,https://www.geckoterminal.com/eth/pools/0xfe2ee06771ae20eabde1a525bdafa39266be19935455e516a4d5cf10f35614a1
6,eth_0xf361a08966b534a9aad1579033256ecd9e836437,0xf361a08966b534a9aad1579033256ecd9e836437,MCFUN / WBTC 10%,2026-09-12T22:35:35Z,balancer-v3-ethereum,0xe03e4d90a46f62ac405708ba5036f292d5e0edc8,MCFUN,0x2260fac5e5542a773aa44fbcfedf7c193bc2c599,WBTC,24.8949,1.1477343661,1,0,https://www.geckoterminal.com/eth/pools/0xf361a08966b534a9aad1579033256ecd9e836437
6,eth_0x9924ab2c7be188f0ce03c3c337f49bd0e68cc814,0x9924ab2c7be188f0ce03c3c337f49bd0e68cc814,BSTM / WETH,2026-09-12T22:32:23Z,uniswap_v2,0xf2d34e6cf904dc1aa0c6cb57ac38c915061dfce9,BSTM,0xc02aaa39b223fe8d0a0e5c4f27ead9083c756cc2,WETH,0.001552119184,1526.2916031365,21,2,https://www.geckoterminal.com/eth/pools/0x9924ab2c7be188f0ce03c3c337f49bd0e68cc814
6,eth_0xd99f5d04acd7c6dc6c825b556cf83b08a2ef75f7639ec8e1457bf54126ad92a3,0xd99f5d04acd7c6dc6c825b556cf83b08a2ef75f7639ec8e1457bf54126ad92a3,ETHDOG / USDT 48%,2026-09-12T22:29:35Z,uniswap-v4-ethereum,0xd3e71316a9ccf411b1c5fca58bb4ddcde77b1111,ETHDOG,0xdac17f958d2ee523a2206206994597c13d831ec7,USDT,0.5029,0.008182098126,0,2,https://www.geckoterminal.com/eth/pools/0xd99f5d04acd7c6dc6c825b556cf83b08a2ef75f7639ec8e1457bf54126ad92a3
6,eth_0xd53acac61bfd93286fad33c9120e91a6d97fe175bc1cc9a25bac65c9800baf3b,0xd53acac61bfd93286fad33c9120e91a6d97fe175bc1cc9a25bac65c9800baf3b,ETHDOG / WBTC 50%,2026-09-12T22:28:59Z,uniswap-v4-ethereum,0xd3e71316a9ccf411b1c5fca58bb4ddcde77b1111,ETHDOG,0x2260fac5e5542a773aa44fbcfedf7c193bc2c599,WBTC,0.5029,0.1174656218,0,1,https://www.geckoterminal.com/eth/pools/0xd53acac61bfd93286fad33c9120e91a6d97fe175bc1cc9a25bac65c9800baf3b
6,eth_0x39d8139c310e1d3b143308dd65bdf06018cb41d391553be47c7cb343866f6a0c,0x39d8139c310e1d3b143308dd65bdf06018cb41d391553be47c7cb343866f6a0c,MRDN / USDT 77%,2026-09-12T22:26:59Z,uniswap-v4-ethereum,0x751aad7d46448b4fb87bcbbed2dd921bebdf7257,MRDN,0xdac17f958d2ee523a2206206994597c13d831ec7,USDT,1.2573,0.1611089927,3,0,https://www.geckoterminal.com/eth/pools/0x39d8139c310e1d3b143308dd65bdf06018cb41d391553be47c7cb343866f6a0c
